Index,Title,Author,Upvotes,Comments,URL,Post Text
1,"Lad wrote a Python script to download Alexa voice recordings, he didn't expect this email.",iEslam,12342,133,https://www.reddit.com/r/Python/comments/g53lxf/lad_wrote_a_python_script_to_download_alexa_voice/,[No text content]
2,This post has:,Krukerfluk,9232,433,https://www.reddit.com/r/Python/comments/hoolsm/this_post_has/,"9777 upvotes,

967 downvotes

and 452 comments!"
3,I redesign the Python logo to make it more modern,jessjwilliamson,7863,263,https://www.reddit.com/r/Python/comments/gftejm/i_redesign_the_python_logo_to_make_it_more_modern/,[No text content]
4,Automate the boring stuff with python - tinder,backprop88,6719,325,https://www.reddit.com/r/Python/comments/7kpme8/automate_the_boring_stuff_with_python_tinder/,[No text content]
5,"I'm excited to share my first published book, Introduction to Python Programming for Business and Social Science Applications -- specifically geared towards students not specifically in computer science",paulkaefer,6499,248,https://www.reddit.com/r/Python/comments/irh8l0/im_excited_to_share_my_first_published_book/,[No text content]
6,Drawing Mona Lisa with 256 circles using evolution [Github repo in comments],Itwist101,5721,117,https://www.reddit.com/r/Python/comments/gn9add/drawing_mona_lisa_with_256_circles_using/,[No text content]
7,I made a simulation using Python in which a neural network learns to race,atqm-,5699,211,https://www.reddit.com/r/Python/comments/hqc7ol/i_made_a_simulation_using_python_in_which_a/,[No text content]
8,"Thanks to everyoneâ€™s advice, my mouse drawing algorithm has gotten much better and faster!",Nekose,5542,200,https://www.reddit.com/r/Python/comments/ghxqod/thanks_to_everyones_advice_my_mouse_drawing/,[No text content]
9,Debugging Cheat Sheet,HotTeenBoy,5448,111,https://www.reddit.com/r/Python/comments/iehths/debugging_cheat_sheet/,[No text content]
10,Just trying to create a orbit system in python and this happened...,LAMagicx,5175,357,https://www.reddit.com/r/Python/comments/dg0etx/just_trying_to_create_a_orbit_system_in_python/,[No text content]
