Index,Title,Author,Upvotes,Comments,URL,Post Text
1,data siens,[deleted],4109,72,https://www.reddit.com/r/datascience/comments/k8nyf8/data_siens/,[No text content]
2,The pain and excitement,Kent-Clark-,3913,174,https://www.reddit.com/r/datascience/comments/oeg6nl/the_pain_and_excitement/,[No text content]
3,Shout Out to All the Mediocre Data Scientists Out There,MrBurritoQuest,3621,266,https://www.reddit.com/r/datascience/comments/hohvgq/shout_out_to_all_the_mediocre_data_scientists_out/,"I've been lurking on this sub for a while now and all too often I see posts from people claiming they feel inadequate and then they go on to describe their stupid impressive background and experience. That's great and all but I'd like to move the spotlight to the rest of us for just a minute. Cheers to my fellow mediocre data scientists who don't work at FAANG companies, aren't pursing a PhD, don't publish papers, haven't won Kaggle competitions, and don't spend every waking hour improving their portfolio.  Even though we're nothing special, we still deserve some appreciation every once in a while.

/rant I'll hand it back over to the smart people now..."
4,Let's keep this on...,CompetitivePlastic67,3602,121,https://www.reddit.com/r/datascience/comments/xdv6nz/lets_keep_this_on/,[No text content]
5,"Guys, weâ€™ve been doing it wrong this whole time",[deleted],3469,385,https://www.reddit.com/r/datascience/comments/tj3kek/guys_weve_been_doing_it_wrong_this_whole_time/,[No text content]
6,Itâ€™s never too early,da_chosen1,3415,67,https://www.reddit.com/r/datascience/comments/fg73za/its_never_too_early/,[No text content]
7,how about that data integrity yo,Kickass_Wizard,3323,121,https://www.reddit.com/r/datascience/comments/oisl3e/how_about_that_data_integrity_yo/,[No text content]
8,Didnâ€™t have to chart this one ðŸ”¥,Lynx-Sure,3317,58,https://www.reddit.com/r/datascience/comments/xit874/didnt_have_to_chart_this_one/,[No text content]
9,Wait until you see the data in hospitals...,forbiscuit,3266,105,https://www.reddit.com/r/datascience/comments/wp2vqk/wait_until_you_see_the_data_in_hospitals/,[No text content]
10,Imposter Syndrome is a problem for me and I think this is the main contributor,ExecutiveFingerblast,3207,133,https://www.reddit.com/r/datascience/comments/e6iy5o/imposter_syndrome_is_a_problem_for_me_and_i_think/,[No text content]
